{
    "best": {
        "1": 0,
        "2": 0.6020599913279624,
        "3": 0,
        "4": 0
    },
    "come": {
        "1": 0,
        "2": 0,
        "3": 0.6020599913279624,
        "4": 0
    },
    "friend": {
        "1": 0.12493873660829993,
        "2": 0,
        "3": 0.12493873660829993,
        "4": 0.12493873660829993
    },
    "i": {
        "1": 0.3010299956639812,
        "2": 0,
        "3": 0,
        "4": 0.3010299956639812
    },
    "like": {
        "1": 0.3010299956639812,
        "2": 0,
        "3": 0,
        "4": 0.3010299956639812
    },
    "my": {
        "1": 0.12493873660829993,
        "2": 0,
        "3": 0.12493873660829993,
        "4": 0.12493873660829993
    },
    "places": {
        "1": 0,
        "2": 0.6020599913279624,
        "3": 0,
        "4": 0
    },
    "running": {
        "1": 0,
        "2": 0,
        "3": 0,
        "4": 0.6020599913279624
    },
    "set": {
        "1": 0.6020599913279624,
        "2": 0,
        "3": 0,
        "4": 0
    },
    "sun": {
        "1": 0.3010299956639812,
        "2": 0,
        "3": 0.3010299956639812,
        "4": 0
    },
    "sunset": {
        "1": 0,
        "2": 0.6020599913279624,
        "3": 0,
        "4": 0
    },
    "the": {
        "1": 0.12493873660829993,
        "2": 0.12493873660829993,
        "3": 0.12493873660829993,
        "4": 0
    },
    "to": {
        "1": 0.3010299956639812,
        "2": 0.3010299956639812,
        "3": 0,
        "4": 0
    },
    "up": {
        "1": 0,
        "2": 0,
        "3": 0.6020599913279624,
        "4": 0
    },
    "watch": {
        "1": 0.12493873660829993,
        "2": 0.12493873660829993,
        "3": 0.12493873660829993,
        "4": 0
    },
    "with": {
        "1": 0.3010299956639812,
        "2": 0,
        "3": 0,
        "4": 0.3010299956639812
    }
}